{"stats":{"minecraft:custom":{"minecraft:time_since_rest":13981,"minecraft:interact_with_furnace":6,"minecraft:sprint_one_cm":14705,"minecraft:damage_taken":190,"minecraft:walk_one_cm":34714,"minecraft:mob_kills":4,"minecraft:damage_dealt":431,"minecraft:interact_with_crafting_table":10,"minecraft:fly_one_cm":10682,"minecraft:crouch_one_cm":829,"minecraft:play_time":13981,"minecraft:sneak_time":376,"minecraft:jump":161,"minecraft:time_since_death":13981,"minecraft:total_world_time":13981,"minecraft:climb_one_cm":140,"minecraft:fall_one_cm":4774},"minecraft:crafted":{"minecraft:cooked_beef":4,"minecraft:oak_planks":56,"minecraft:crafting_table":2,"minecraft:stick":12,"minecraft:cooked_chicken":1,"minecraft:wooden_pickaxe":1,"minecraft:stone_pickaxe":1,"minecraft:wooden_axe":1,"minecraft:furnace":2,"minecraft:stone_axe":1,"minecraft:air":0},"minecraft:mined":{"minecraft:crafting_table":2,"minecraft:grass":10,"minecraft:grass_block":2,"minecraft:oak_log":14,"minecraft:vine":3,"minecraft:jungle_log":1,"minecraft:dirt":4,"minecraft:stone":98,"minecraft:diorite":4,"minecraft:oak_leaves":5},"minecraft:picked_up":{"minecraft:crafting_table":2,"minecraft:chicken":2,"minecraft:jungle_log":1,"minecraft:leather":2,"minecraft:oak_log":14,"minecraft:diorite":4,"minecraft:dirt":6,"minecraft:wheat_seeds":1,"minecraft:beef":4,"minecraft:oak_sapling":1,"minecraft:cobblestone":88,"minecraft:egg":1},"minecraft:used":{"minecraft:wooden_axe":35,"minecraft:stone_pickaxe":81,"minecraft:wooden_pickaxe":21,"minecraft:stone_axe":1,"minecraft:dirt":1,"minecraft:crafting_table":4,"minecraft:furnace":2,"minecraft:cooked_beef":2},"minecraft:killed":{"minecraft:chicken":2,"minecraft:cow":2}},"DataVersion":3465}