{"stats":{"minecraft:crafted":{"minecraft:crafting_table":2,"minecraft:oak_planks":16},"minecraft:custom":{"minecraft:jump":12,"minecraft:time_since_rest":1981,"minecraft:damage_dealt":87,"minecraft:damage_taken":135,"minecraft:crouch_one_cm":57,"minecraft:play_time":1981,"minecraft:time_since_death":1981,"minecraft:walk_one_cm":4440,"minecraft:sneak_time":10,"minecraft:total_world_time":1981,"minecraft:interact_with_crafting_table":1,"minecraft:fall_one_cm":853,"minecraft:fly_one_cm":341},"minecraft:mined":{"minecraft:grass":1,"minecraft:oak_log":4},"minecraft:picked_up":{"minecraft:oak_log":4},"minecraft:used":{"minecraft:crafting_table":1}},"DataVersion":3465}