{"stats":{"minecraft:custom":{"minecraft:time_since_rest":25981,"minecraft:interact_with_furnace":8,"minecraft:sprint_one_cm":34478,"minecraft:damage_taken":320,"minecraft:walk_one_cm":69052,"minecraft:mob_kills":7,"minecraft:drop":1,"minecraft:damage_dealt":711,"minecraft:interact_with_crafting_table":11,"minecraft:fly_one_cm":20879,"minecraft:open_chest":5,"minecraft:crouch_one_cm":879,"minecraft:play_time":25981,"minecraft:sneak_time":381,"minecraft:walk_under_water_one_cm":1295,"minecraft:jump":358,"minecraft:walk_on_water_one_cm":553,"minecraft:time_since_death":25981,"minecraft:total_world_time":25981,"minecraft:climb_one_cm":644,"minecraft:fall_one_cm":9637},"minecraft:crafted":{"minecraft:cooked_beef":4,"minecraft:oak_planks":56,"minecraft:charcoal":3,"minecraft:crafting_table":2,"minecraft:stick":12,"minecraft:cooked_chicken":2,"minecraft:wooden_pickaxe":1,"minecraft:stone_pickaxe":1,"minecraft:wooden_axe":1,"minecraft:chest":2,"minecraft:furnace":2,"minecraft:torch":16,"minecraft:stone_axe":1,"minecraft:air":0},"minecraft:mined":{"minecraft:iron_ore":1,"minecraft:andesite":4,"minecraft:crafting_table":4,"minecraft:coal_ore":1,"minecraft:grass":27,"minecraft:grass_block":5,"minecraft:oak_log":18,"minecraft:melon":8,"minecraft:vine":4,"minecraft:jungle_log":1,"minecraft:dirt":5,"minecraft:bamboo_sapling":1,"minecraft:bamboo":2,"minecraft:stone":139,"minecraft:diorite":4,"minecraft:oak_leaves":6,"minecraft:fern":1},"minecraft:picked_up":{"minecraft:raw_iron":1,"minecraft:crafting_table":4,"minecraft:chicken":3,"minecraft:andesite":3,"minecraft:jungle_log":1,"minecraft:leather":2,"car:canola_seeds":1,"minecraft:oak_log":18,"minecraft:diorite":4,"minecraft:string":1,"minecraft:dirt":10,"minecraft:wheat_seeds":3,"minecraft:beef":4,"minecraft:stone_pickaxe":1,"minecraft:coal":1,"minecraft:bamboo":28,"minecraft:oak_sapling":1,"minecraft:melon_slice":35,"minecraft:mutton":1,"minecraft:white_wool":1,"minecraft:cobblestone":137,"minecraft:egg":1},"minecraft:used":{"minecraft:wooden_axe":35,"minecraft:diorite":4,"minecraft:melon_slice":5,"minecraft:stone_pickaxe":131,"minecraft:chest":2,"minecraft:wooden_pickaxe":21,"minecraft:cooked_chicken":1,"minecraft:torch":4,"minecraft:bamboo":2,"minecraft:stone_axe":39,"minecraft:cobblestone":27,"minecraft:dirt":1,"minecraft:crafting_table":5,"minecraft:furnace":2,"minecraft:cooked_beef":2},"minecraft:dropped":{"minecraft:stone_pickaxe":1},"minecraft:killed":{"minecraft:sheep":1,"minecraft:chicken":3,"minecraft:spider":1,"minecraft:cow":2},"minecraft:broken":{"minecraft:stone_pickaxe":1}},"DataVersion":3465}