{"stats":{"minecraft:custom":{"minecraft:interact_with_furnace":8,"minecraft:mob_kills":12,"minecraft:interact_with_crafting_table":14,"minecraft:time_since_death":10148,"minecraft:climb_one_cm":1643,"minecraft:time_since_rest":10207,"minecraft:sprint_one_cm":62067,"minecraft:damage_taken":1020,"minecraft:walk_one_cm":116596,"minecraft:drop":12,"minecraft:damage_dealt":1100,"minecraft:swim_one_cm":925,"minecraft:fly_one_cm":46349,"minecraft:open_chest":7,"minecraft:crouch_one_cm":1799,"minecraft:play_time":49981,"minecraft:deaths":1,"minecraft:sneak_time":1774,"minecraft:walk_under_water_one_cm":2702,"minecraft:jump":608,"minecraft:walk_on_water_one_cm":7502,"minecraft:total_world_time":49981,"minecraft:fall_one_cm":18153},"minecraft:crafted":{"minecraft:cooked_beef":4,"minecraft:oak_planks":120,"minecraft:stone_shovel":1,"minecraft:crafting_table":3,"minecraft:wooden_pickaxe":1,"minecraft:cooked_chicken":2,"minecraft:furnace":2,"minecraft:stone_axe":2,"minecraft:air":0,"minecraft:charcoal":3,"minecraft:stick":28,"minecraft:stone_pickaxe":6,"minecraft:wooden_axe":1,"minecraft:chest":2,"minecraft:torch":16},"minecraft:mined":{"minecraft:crafting_table":7,"minecraft:torch":2,"minecraft:granite":22,"minecraft:grass_block":7,"minecraft:melon":8,"minecraft:jungle_log":1,"minecraft:tall_grass":12,"minecraft:copper_ore":19,"minecraft:lapis_ore":8,"minecraft:diorite":16,"minecraft:iron_ore":6,"minecraft:andesite":11,"minecraft:pumpkin":13,"minecraft:grass":65,"minecraft:oak_log":37,"minecraft:coal_ore":26,"minecraft:vine":4,"minecraft:dirt":5,"minecraft:bamboo_sapling":1,"minecraft:bamboo":2,"minecraft:stone":367,"minecraft:deepslate":43,"minecraft:oak_leaves":12,"minecraft:fern":12},"minecraft:killed_by":{"minecraft:warden":1},"minecraft:picked_up":{"minecraft:crafting_table":7,"minecraft:feather":3,"minecraft:chicken":5,"minecraft:jungle_log":1,"minecraft:andesite":3,"minecraft:leather":6,"minecraft:oak_log":36,"minecraft:lapis_lazuli":54,"minecraft:dirt":12,"minecraft:string":1,"minecraft:raw_copper":69,"minecraft:wheat_seeds":10,"minecraft:cobbled_deepslate":45,"minecraft:beef":12,"minecraft:stone_pickaxe":1,"minecraft:bamboo":28,"minecraft:melon_slice":35,"minecraft:egg":1,"minecraft:raw_iron":6,"minecraft:pumpkin":13,"minecraft:torch":3,"car:canola_seeds":1,"minecraft:diorite":16,"minecraft:rotten_flesh":2,"minecraft:granite":22,"minecraft:oak_sapling":1,"minecraft:mutton":1,"minecraft:coal":26,"minecraft:white_wool":1,"minecraft:cobblestone":352},"minecraft:used":{"minecraft:diorite":4,"minecraft:stone_pickaxe":500,"minecraft:chest":2,"minecraft:wooden_pickaxe":21,"minecraft:cooked_chicken":2,"minecraft:torch":7,"minecraft:dirt":1,"minecraft:crafting_table":8,"minecraft:wooden_axe":62,"minecraft:melon_slice":24,"minecraft:bamboo":2,"minecraft:stone_axe":87,"minecraft:cobblestone":30,"minecraft:furnace":2,"minecraft:cooked_beef":4},"minecraft:dropped":{"minecraft:melon_slice":11,"minecraft:stone_pickaxe":1},"minecraft:killed":{"minecraft:spider":1,"minecraft:sheep":1,"minecraft:chicken":5,"minecraft:cow":5},"minecraft:broken":{"minecraft:stone_pickaxe":3,"minecraft:wooden_axe":1}},"DataVersion":3465}