{"stats":{"minecraft:custom":{"minecraft:interact_with_furnace":21,"minecraft:mob_kills":14,"minecraft:interact_with_crafting_table":18,"minecraft:time_since_death":22148,"minecraft:climb_one_cm":1786,"minecraft:time_since_rest":22207,"minecraft:sprint_one_cm":88981,"minecraft:damage_taken":1120,"minecraft:walk_one_cm":135134,"minecraft:drop":13,"minecraft:damage_dealt":1260,"minecraft:swim_one_cm":925,"minecraft:fly_one_cm":73387,"minecraft:open_chest":11,"minecraft:crouch_one_cm":4044,"minecraft:play_time":61981,"minecraft:deaths":1,"minecraft:sneak_time":3108,"minecraft:walk_under_water_one_cm":2702,"minecraft:jump":784,"minecraft:walk_on_water_one_cm":8606,"minecraft:total_world_time":61981,"minecraft:fall_one_cm":23892},"minecraft:crafted":{"minecraft:cooked_beef":12,"minecraft:oak_planks":120,"minecraft:stone_shovel":1,"minecraft:crafting_table":3,"minecraft:wooden_pickaxe":1,"minecraft:cooked_chicken":2,"minecraft:furnace":2,"minecraft:leather_helmet":1,"minecraft:stone_axe":2,"minecraft:air":0,"minecraft:charcoal":4,"minecraft:shield":2,"minecraft:iron_axe":1,"minecraft:stick":32,"minecraft:iron_ingot":9,"minecraft:iron_pickaxe":1,"minecraft:stone_pickaxe":6,"minecraft:wooden_axe":1,"minecraft:chest":2,"minecraft:torch":16},"minecraft:mined":{"minecraft:crafting_table":7,"minecraft:torch":2,"minecraft:granite":22,"minecraft:grass_block":8,"minecraft:melon":8,"minecraft:jungle_log":1,"minecraft:tall_grass":12,"minecraft:copper_ore":19,"minecraft:lapis_ore":8,"minecraft:sugar_cane":11,"minecraft:diorite":16,"minecraft:iron_ore":9,"minecraft:andesite":12,"minecraft:pumpkin":13,"minecraft:grass":68,"minecraft:oak_log":37,"minecraft:coal_ore":36,"minecraft:vine":4,"minecraft:dirt":5,"minecraft:bamboo_sapling":1,"minecraft:bamboo":2,"minecraft:stone":414,"minecraft:deepslate":43,"minecraft:oak_leaves":12,"minecraft:fern":12},"minecraft:killed_by":{"minecraft:warden":1},"minecraft:picked_up":{"minecraft:crafting_table":7,"minecraft:feather":3,"minecraft:chicken":5,"minecraft:jungle_log":1,"minecraft:andesite":4,"minecraft:leather":6,"minecraft:oak_log":36,"minecraft:lapis_lazuli":54,"minecraft:dirt":13,"minecraft:string":1,"minecraft:raw_copper":69,"minecraft:wheat_seeds":10,"minecraft:cobbled_deepslate":45,"minecraft:beef":12,"minecraft:stone_pickaxe":1,"minecraft:bamboo":28,"minecraft:sugar_cane":18,"minecraft:melon_slice":35,"minecraft:egg":1,"minecraft:raw_iron":9,"minecraft:pumpkin":13,"minecraft:torch":3,"car:canola_seeds":1,"minecraft:diorite":16,"minecraft:rotten_flesh":2,"minecraft:granite":22,"minecraft:oak_sapling":1,"minecraft:mutton":3,"minecraft:coal":36,"minecraft:white_wool":3,"minecraft:cobblestone":391},"minecraft:used":{"minecraft:diorite":4,"minecraft:stone_pickaxe":561,"minecraft:chest":2,"minecraft:wooden_pickaxe":21,"minecraft:cooked_chicken":2,"minecraft:torch":7,"minecraft:dirt":1,"minecraft:crafting_table":8,"minecraft:wooden_axe":62,"minecraft:melon_slice":24,"minecraft:bamboo":2,"minecraft:stone_axe":98,"minecraft:cobblestone":50,"minecraft:furnace":2,"minecraft:cooked_beef":5},"minecraft:dropped":{"minecraft:shield":1,"minecraft:melon_slice":11,"minecraft:stone_pickaxe":1},"minecraft:killed":{"minecraft:spider":1,"minecraft:sheep":3,"minecraft:chicken":5,"minecraft:cow":5},"minecraft:broken":{"minecraft:stone_pickaxe":3,"minecraft:wooden_axe":1}},"DataVersion":3465}