{"stats":{"minecraft:custom":{"minecraft:interact_with_furnace":8,"minecraft:mob_kills":7,"minecraft:interact_with_crafting_table":13,"minecraft:time_since_death":37981,"minecraft:climb_one_cm":1126,"minecraft:time_since_rest":37981,"minecraft:sprint_one_cm":35458,"minecraft:damage_taken":700,"minecraft:walk_one_cm":87096,"minecraft:drop":12,"minecraft:damage_dealt":721,"minecraft:fly_one_cm":21581,"minecraft:open_chest":5,"minecraft:crouch_one_cm":1243,"minecraft:play_time":37981,"minecraft:sneak_time":1209,"minecraft:walk_under_water_one_cm":1295,"minecraft:jump":380,"minecraft:walk_on_water_one_cm":553,"minecraft:total_world_time":37981,"minecraft:fall_one_cm":11044},"minecraft:crafted":{"minecraft:cooked_beef":4,"minecraft:oak_planks":56,"minecraft:crafting_table":2,"minecraft:wooden_pickaxe":1,"minecraft:cooked_chicken":2,"minecraft:furnace":2,"minecraft:stone_axe":1,"minecraft:air":0,"minecraft:charcoal":3,"minecraft:stick":20,"minecraft:stone_pickaxe":5,"minecraft:wooden_axe":1,"minecraft:chest":2,"minecraft:torch":16},"minecraft:mined":{"minecraft:crafting_table":6,"minecraft:torch":2,"minecraft:granite":22,"minecraft:grass_block":5,"minecraft:melon":8,"minecraft:jungle_log":1,"minecraft:copper_ore":12,"minecraft:lapis_ore":8,"minecraft:diorite":16,"minecraft:iron_ore":1,"minecraft:andesite":11,"minecraft:grass":27,"minecraft:oak_log":18,"minecraft:coal_ore":13,"minecraft:vine":4,"minecraft:dirt":5,"minecraft:bamboo_sapling":1,"minecraft:bamboo":2,"minecraft:stone":358,"minecraft:deepslate":35,"minecraft:oak_leaves":6,"minecraft:fern":1},"minecraft:picked_up":{"minecraft:crafting_table":6,"minecraft:chicken":3,"minecraft:jungle_log":1,"minecraft:andesite":3,"minecraft:leather":2,"minecraft:oak_log":18,"minecraft:lapis_lazuli":54,"minecraft:dirt":10,"minecraft:string":1,"minecraft:raw_copper":41,"minecraft:wheat_seeds":3,"minecraft:cobbled_deepslate":35,"minecraft:beef":4,"minecraft:stone_pickaxe":1,"minecraft:bamboo":28,"minecraft:melon_slice":35,"minecraft:egg":1,"minecraft:raw_iron":1,"minecraft:torch":3,"car:canola_seeds":1,"minecraft:diorite":16,"minecraft:granite":22,"minecraft:oak_sapling":1,"minecraft:mutton":1,"minecraft:coal":13,"minecraft:white_wool":1,"minecraft:cobblestone":343},"minecraft:used":{"minecraft:diorite":4,"minecraft:stone_pickaxe":458,"minecraft:chest":2,"minecraft:wooden_pickaxe":21,"minecraft:cooked_chicken":2,"minecraft:torch":6,"minecraft:dirt":1,"minecraft:crafting_table":7,"minecraft:wooden_axe":35,"minecraft:melon_slice":24,"minecraft:bamboo":2,"minecraft:stone_axe":41,"minecraft:cobblestone":28,"minecraft:furnace":2,"minecraft:cooked_beef":2},"minecraft:dropped":{"minecraft:melon_slice":11,"minecraft:stone_pickaxe":1},"minecraft:killed":{"minecraft:spider":1,"minecraft:sheep":1,"minecraft:chicken":3,"minecraft:cow":2},"minecraft:broken":{"minecraft:stone_pickaxe":3}},"DataVersion":3465}