{"stats":{"minecraft:custom":{"minecraft:interact_with_furnace":21,"minecraft:mob_kills":16,"minecraft:interact_with_crafting_table":18,"minecraft:leave_game":1,"minecraft:time_since_death":31971,"minecraft:climb_one_cm":2982,"minecraft:time_since_rest":32030,"minecraft:sprint_one_cm":111147,"minecraft:damage_taken":1374,"minecraft:walk_one_cm":151583,"minecraft:drop":14,"minecraft:damage_dealt":1400,"minecraft:swim_one_cm":24256,"minecraft:fly_one_cm":86077,"minecraft:open_chest":11,"minecraft:crouch_one_cm":4270,"minecraft:play_time":71804,"minecraft:deaths":1,"minecraft:sneak_time":3282,"minecraft:walk_under_water_one_cm":8745,"minecraft:jump":974,"minecraft:walk_on_water_one_cm":25226,"minecraft:total_world_time":71804,"minecraft:fall_one_cm":28264},"minecraft:crafted":{"minecraft:cooked_beef":12,"minecraft:oak_planks":120,"minecraft:stone_shovel":1,"minecraft:crafting_table":3,"minecraft:wooden_pickaxe":1,"minecraft:cooked_chicken":2,"minecraft:furnace":2,"minecraft:leather_helmet":1,"minecraft:stone_axe":2,"minecraft:air":0,"minecraft:charcoal":4,"minecraft:shield":2,"minecraft:iron_axe":1,"minecraft:stick":32,"minecraft:iron_ingot":9,"minecraft:iron_pickaxe":1,"minecraft:stone_pickaxe":6,"minecraft:wooden_axe":1,"minecraft:chest":2,"minecraft:torch":24},"minecraft:mined":{"minecraft:podzol":2,"minecraft:crafting_table":7,"minecraft:torch":2,"minecraft:granite":22,"minecraft:grass_block":22,"minecraft:melon":8,"minecraft:jungle_log":1,"minecraft:tall_grass":12,"minecraft:copper_ore":20,"minecraft:lapis_ore":8,"minecraft:sugar_cane":11,"minecraft:diorite":16,"minecraft:wall_torch":1,"minecraft:iron_ore":9,"minecraft:andesite":12,"minecraft:pumpkin":13,"minecraft:grass":69,"minecraft:oak_log":37,"minecraft:coal_ore":65,"minecraft:vine":4,"minecraft:dirt":17,"minecraft:bamboo_sapling":1,"minecraft:bamboo":2,"minecraft:stone":447,"minecraft:deepslate":43,"minecraft:oak_leaves":12,"minecraft:fern":12},"minecraft:killed_by":{"minecraft:warden":1},"minecraft:picked_up":{"minecraft:crafting_table":7,"minecraft:feather":4,"minecraft:chicken":6,"minecraft:jungle_log":1,"minecraft:andesite":4,"minecraft:leather":6,"minecraft:oak_log":36,"minecraft:lapis_lazuli":54,"minecraft:dirt":41,"minecraft:string":1,"minecraft:raw_copper":74,"minecraft:wheat_seeds":10,"minecraft:cobbled_deepslate":45,"minecraft:beef":12,"minecraft:stone_pickaxe":1,"minecraft:bamboo":28,"minecraft:sugar_cane":18,"minecraft:melon_slice":35,"minecraft:egg":1,"minecraft:raw_iron":9,"minecraft:pumpkin":13,"minecraft:torch":4,"car:canola_seeds":1,"minecraft:diorite":16,"minecraft:rotten_flesh":2,"minecraft:granite":22,"minecraft:oak_sapling":1,"minecraft:mutton":3,"minecraft:coal":65,"minecraft:white_wool":3,"minecraft:cobblestone":419},"minecraft:used":{"minecraft:diorite":4,"minecraft:stone_shovel":23,"minecraft:stone_pickaxe":578,"minecraft:chest":2,"minecraft:wooden_pickaxe":21,"minecraft:cooked_chicken":2,"minecraft:torch":9,"minecraft:dirt":1,"minecraft:crafting_table":8,"minecraft:wooden_axe":62,"minecraft:iron_axe":5,"minecraft:melon_slice":24,"minecraft:iron_pickaxe":51,"minecraft:bamboo":2,"minecraft:stone_axe":98,"minecraft:cobblestone":50,"minecraft:furnace":2,"minecraft:cooked_beef":8},"minecraft:dropped":{"minecraft:shield":1,"minecraft:torch":1,"minecraft:melon_slice":11,"minecraft:stone_pickaxe":1},"minecraft:killed":{"minecraft:spider":1,"minecraft:sheep":3,"alexsmobs:terrapin":1,"minecraft:chicken":6,"minecraft:cow":5},"minecraft:broken":{"minecraft:stone_pickaxe":3,"minecraft:wooden_axe":1}},"DataVersion":3465}