{"stats":{"minecraft:crafted":{"minecraft:crafting_table":1,"minecraft:stick":28,"minecraft:wooden_pickaxe":1,"minecraft:stone_pickaxe":6,"minecraft:torch":16,"minecraft:stone_hoe":1,"minecraft:jungle_planks":40},"minecraft:custom":{"minecraft:time_since_rest":28266,"minecraft:sprint_one_cm":47529,"minecraft:damage_taken":45,"minecraft:walk_one_cm":28134,"minecraft:mob_kills":1,"minecraft:damage_dealt":120,"minecraft:interact_with_crafting_table":3,"minecraft:swim_one_cm":3024,"minecraft:fly_one_cm":26667,"minecraft:crouch_one_cm":3017,"minecraft:play_time":28266,"minecraft:sneak_time":862,"minecraft:walk_under_water_one_cm":1394,"minecraft:jump":267,"minecraft:leave_game":2,"minecraft:time_since_death":28266,"minecraft:walk_on_water_one_cm":5560,"minecraft:total_world_time":28266,"minecraft:climb_one_cm":374,"minecraft:fall_one_cm":6326},"minecraft:mined":{"minecraft:glow_lichen":1,"minecraft:grass":46,"minecraft:grass_block":1,"minecraft:coal_ore":26,"minecraft:vine":2,"minecraft:jungle_log":10,"minecraft:stone":52,"minecraft:diorite":6,"minecraft:oak_leaves":1,"minecraft:fern":11},"minecraft:picked_up":{"minecraft:cocoa_beans":3,"minecraft:jungle_log":10,"minecraft:diorite":6,"minecraft:dirt":1,"minecraft:wheat_seeds":4,"minecraft:beef":2,"minecraft:coal":26,"minecraft:cobblestone":52,"minecraft:egg":1},"minecraft:used":{"minecraft:diorite":6,"minecraft:stone_pickaxe":60,"minecraft:wooden_pickaxe":25,"minecraft:torch":1,"minecraft:beef":2,"minecraft:crafting_table":1,"alexsmobs:animal_dictionary":1},"minecraft:killed":{"minecraft:cow":1}},"DataVersion":3465}