{"stats":{"minecraft:crafted":{"minecraft:crafting_table":1,"minecraft:stick":28,"minecraft:wooden_pickaxe":1,"minecraft:stone_pickaxe":6,"minecraft:stone_sword":1,"minecraft:torch":16,"minecraft:stone_hoe":1,"minecraft:jungle_planks":40},"minecraft:custom":{"minecraft:time_since_rest":18164,"minecraft:sprint_one_cm":95537,"minecraft:damage_taken":675,"minecraft:walk_one_cm":106190,"minecraft:mob_kills":7,"minecraft:drop":1,"minecraft:damage_dealt":752,"minecraft:interact_with_crafting_table":4,"minecraft:swim_one_cm":5145,"minecraft:fly_one_cm":52183,"minecraft:open_chest":1,"minecraft:crouch_one_cm":5486,"minecraft:play_time":64266,"minecraft:deaths":1,"minecraft:sneak_time":1541,"minecraft:walk_under_water_one_cm":3841,"minecraft:jump":784,"minecraft:leave_game":2,"minecraft:time_since_death":17999,"minecraft:walk_on_water_one_cm":11637,"minecraft:total_world_time":64266,"minecraft:climb_one_cm":5456,"minecraft:fall_one_cm":23012},"minecraft:mined":{"minecraft:tuff":6,"minecraft:andesite":6,"minecraft:torch":2,"minecraft:glow_lichen":1,"minecraft:granite":5,"minecraft:grass":104,"minecraft:grass_block":1,"minecraft:coal_ore":44,"minecraft:vine":2,"minecraft:jungle_log":10,"minecraft:gravel":4,"minecraft:dirt":2,"minecraft:copper_ore":10,"minecraft:lapis_ore":4,"minecraft:stone":167,"minecraft:diorite":10,"minecraft:oak_leaves":2,"minecraft:deepslate":39,"minecraft:fern":34},"minecraft:picked_up":{"minecraft:cocoa_beans":3,"minecraft:andesite":6,"minecraft:jungle_log":10,"minecraft:leather":4,"car:canola_seeds":2,"minecraft:torch":2,"minecraft:gravel":4,"minecraft:porkchop":6,"minecraft:tuff":6,"minecraft:diorite":10,"minecraft:shield":1,"minecraft:lapis_lazuli":31,"minecraft:dirt":3,"minecraft:raw_copper":38,"minecraft:stone_sword":1,"minecraft:wheat_seeds":12,"minecraft:cobbled_deepslate":36,"minecraft:granite":5,"minecraft:beef":7,"minecraft:melon_slice":11,"minecraft:coal":44,"minecraft:cobblestone":166,"minecraft:egg":1},"minecraft:used":{"minecraft:diorite":6,"minecraft:stone_sword":45,"minecraft:melon_slice":11,"minecraft:stone_pickaxe":273,"minecraft:wooden_pickaxe":25,"minecraft:torch":5,"minecraft:cobblestone":41,"minecraft:beef":7,"minecraft:crafting_table":1,"minecraft:egg":1,"alexsmobs:animal_dictionary":1},"minecraft:dropped":{"minecraft:stone_sword":1},"minecraft:killed":{"minecraft:pig":3,"minecraft:cow":4},"minecraft:broken":{"minecraft:stone_pickaxe":2}},"DataVersion":3465}