{"stats":{"minecraft:crafted":{"minecraft:crafting_table":1,"minecraft:stick":28,"minecraft:wooden_pickaxe":1,"minecraft:stone_pickaxe":6,"minecraft:stone_sword":1,"minecraft:torch":16,"minecraft:stone_hoe":1,"minecraft:jungle_planks":40},"minecraft:custom":{"minecraft:time_since_rest":28449,"minecraft:sprint_one_cm":107768,"minecraft:damage_taken":915,"minecraft:walk_one_cm":125425,"minecraft:mob_kills":7,"minecraft:drop":1,"minecraft:damage_dealt":752,"minecraft:interact_with_crafting_table":4,"minecraft:swim_one_cm":13828,"minecraft:fly_one_cm":56035,"minecraft:open_chest":1,"minecraft:crouch_one_cm":5736,"minecraft:play_time":74551,"minecraft:deaths":1,"minecraft:sneak_time":1585,"minecraft:walk_under_water_one_cm":6623,"minecraft:jump":955,"minecraft:leave_game":3,"minecraft:time_since_death":28284,"minecraft:walk_on_water_one_cm":26684,"minecraft:total_world_time":74551,"minecraft:climb_one_cm":5844,"minecraft:fall_one_cm":27016},"minecraft:mined":{"minecraft:tuff":6,"minecraft:andesite":6,"minecraft:torch":2,"minecraft:glow_lichen":1,"minecraft:granite":5,"minecraft:grass":104,"minecraft:grass_block":5,"minecraft:coal_ore":83,"minecraft:vine":2,"minecraft:jungle_log":10,"minecraft:gravel":4,"minecraft:dirt":3,"minecraft:copper_ore":10,"minecraft:lapis_ore":4,"minecraft:stone":168,"minecraft:diorite":10,"minecraft:oak_leaves":2,"minecraft:deepslate":39,"minecraft:fern":34},"minecraft:picked_up":{"minecraft:cocoa_beans":3,"minecraft:andesite":6,"minecraft:jungle_log":10,"minecraft:leather":4,"car:canola_seeds":2,"minecraft:torch":2,"minecraft:gravel":4,"minecraft:porkchop":6,"minecraft:tuff":6,"minecraft:diorite":10,"minecraft:shield":1,"minecraft:lapis_lazuli":31,"minecraft:dirt":8,"minecraft:raw_copper":38,"minecraft:stone_sword":1,"minecraft:wheat_seeds":12,"minecraft:cobbled_deepslate":36,"minecraft:granite":5,"minecraft:beef":7,"minecraft:melon_slice":11,"minecraft:coal":80,"minecraft:cobblestone":175,"minecraft:egg":1},"minecraft:used":{"minecraft:diorite":6,"minecraft:stone_sword":45,"minecraft:melon_slice":11,"minecraft:stone_pickaxe":318,"minecraft:wooden_pickaxe":25,"minecraft:torch":5,"minecraft:cobblestone":73,"minecraft:beef":7,"minecraft:crafting_table":1,"minecraft:porkchop":5,"minecraft:egg":1,"alexsmobs:animal_dictionary":1},"minecraft:dropped":{"minecraft:stone_sword":1},"minecraft:killed":{"minecraft:pig":3,"minecraft:cow":4},"minecraft:broken":{"minecraft:stone_pickaxe":2}},"DataVersion":3465}