{"stats":{"minecraft:crafted":{"minecraft:crafting_table":1,"minecraft:stick":28,"minecraft:wooden_pickaxe":1,"minecraft:stone_pickaxe":6,"minecraft:torch":16,"minecraft:stone_hoe":1,"minecraft:jungle_planks":40},"minecraft:custom":{"minecraft:time_since_rest":40266,"minecraft:sprint_one_cm":53842,"minecraft:damage_taken":395,"minecraft:walk_one_cm":44899,"minecraft:mob_kills":1,"minecraft:damage_dealt":140,"minecraft:interact_with_crafting_table":3,"minecraft:swim_one_cm":5145,"minecraft:fly_one_cm":32735,"minecraft:crouch_one_cm":4063,"minecraft:play_time":40266,"minecraft:sneak_time":1293,"minecraft:walk_under_water_one_cm":3841,"minecraft:jump":343,"minecraft:leave_game":2,"minecraft:time_since_death":40266,"minecraft:walk_on_water_one_cm":11637,"minecraft:total_world_time":40266,"minecraft:climb_one_cm":374,"minecraft:fall_one_cm":9592},"minecraft:mined":{"minecraft:tuff":6,"minecraft:andesite":6,"minecraft:torch":2,"minecraft:glow_lichen":1,"minecraft:granite":5,"minecraft:grass":46,"minecraft:grass_block":1,"minecraft:coal_ore":44,"minecraft:vine":2,"minecraft:jungle_log":10,"minecraft:gravel":4,"minecraft:dirt":2,"minecraft:copper_ore":10,"minecraft:lapis_ore":4,"minecraft:stone":167,"minecraft:diorite":10,"minecraft:oak_leaves":1,"minecraft:deepslate":33,"minecraft:fern":11},"minecraft:picked_up":{"minecraft:cocoa_beans":3,"minecraft:andesite":6,"minecraft:jungle_log":10,"minecraft:torch":2,"minecraft:gravel":4,"minecraft:tuff":6,"minecraft:diorite":10,"minecraft:lapis_lazuli":31,"minecraft:dirt":3,"minecraft:raw_copper":38,"minecraft:wheat_seeds":4,"minecraft:cobbled_deepslate":31,"minecraft:granite":5,"minecraft:beef":2,"minecraft:melon_slice":11,"minecraft:coal":44,"minecraft:cobblestone":166,"minecraft:egg":1},"minecraft:used":{"minecraft:diorite":6,"minecraft:melon_slice":10,"minecraft:stone_pickaxe":267,"minecraft:wooden_pickaxe":25,"minecraft:torch":5,"minecraft:beef":2,"minecraft:crafting_table":1,"minecraft:egg":1,"alexsmobs:animal_dictionary":1},"minecraft:killed":{"minecraft:cow":1},"minecraft:broken":{"minecraft:stone_pickaxe":2}},"DataVersion":3465}