{"stats":{"minecraft:custom":{"minecraft:jump":93,"minecraft:time_since_rest":5135,"minecraft:damage_taken":25,"minecraft:damage_dealt":36,"minecraft:crouch_one_cm":681,"minecraft:leave_game":2,"minecraft:play_time":5135,"minecraft:sprint_one_cm":19073,"minecraft:time_since_death":5135,"minecraft:walk_one_cm":5743,"minecraft:sneak_time":117,"minecraft:climb_one_cm":150,"minecraft:total_world_time":5135,"minecraft:fall_one_cm":3578,"minecraft:fly_one_cm":14040},"minecraft:mined":{"minecraft:grass":29,"minecraft:oak_leaves":1,"minecraft:fern":8},"minecraft:picked_up":{"minecraft:wheat_seeds":4},"minecraft:used":{"alexsmobs:animal_dictionary":1}},"DataVersion":3465}