{"stats":{"minecraft:crafted":{"minecraft:stick":4,"minecraft:jungle_planks":40},"minecraft:custom":{"minecraft:time_since_rest":16266,"minecraft:crouch_one_cm":1370,"minecraft:sprint_one_cm":38450,"minecraft:play_time":16266,"minecraft:damage_taken":25,"minecraft:walk_one_cm":14665,"minecraft:sneak_time":237,"minecraft:mob_kills":1,"minecraft:jump":138,"minecraft:damage_dealt":120,"minecraft:leave_game":2,"minecraft:time_since_death":16266,"minecraft:climb_one_cm":210,"minecraft:total_world_time":16266,"minecraft:interact_with_crafting_table":1,"minecraft:fall_one_cm":4056,"minecraft:fly_one_cm":19688},"minecraft:mined":{"minecraft:grass":46,"minecraft:vine":2,"minecraft:jungle_log":10,"minecraft:oak_leaves":1,"minecraft:fern":11},"minecraft:picked_up":{"minecraft:cocoa_beans":3,"minecraft:jungle_log":10,"minecraft:wheat_seeds":4,"minecraft:beef":2,"minecraft:egg":1},"minecraft:used":{"alexsmobs:animal_dictionary":1},"minecraft:killed":{"minecraft:cow":1}},"DataVersion":3465}